[
  { "id": "aci-split", "name": "ACI Marina Split", "lat": 43.5081, "lng": 16.4402, "berths": 355, "price_range": "€80-150/night", "rating": 4.3, "facilities": ["fuel", "water", "electricity", "wifi", "restaurant", "showers", "repair"], "region": "split", "vhf": "channel 17", "website": "https://www.aci-marinas.com/aci_marina/aci-marina-split/" },
  { "id": "aci-milna", "name": "ACI Marina Milna", "lat": 43.3244, "lng": 16.4522, "berths": 185, "price_range": "€60-110/night", "rating": 4.5, "facilities": ["fuel", "water", "electricity", "restaurant"], "region": "brac", "vhf": "channel 17" },
  { "id": "aci-vis", "name": "ACI Marina Vis", "lat": 43.0622, "lng": 16.1836, "berths": 120, "price_range": "€55-100/night", "rating": 4.4, "facilities": ["water", "electricity", "wifi"], "region": "vis", "vhf": "channel 17" },
  { "id": "aci-palmizana", "name": "ACI Marina Palmižana", "lat": 43.1575, "lng": 16.3925, "berths": 160, "price_range": "€70-130/night", "rating": 4.7, "facilities": ["water", "electricity", "restaurant", "beach"], "region": "hvar", "vhf": "channel 17" },
  { "id": "aci-korcula", "name": "ACI Marina Korčula", "lat": 42.9597, "lng": 17.1347, "berths": 159, "price_range": "€65-120/night", "rating": 4.2, "facilities": ["fuel", "water", "electricity", "wifi"], "region": "korcula", "vhf": "channel 17" },
  { "id": "marina-trogir", "name": "Marina Trogir", "lat": 43.5125, "lng": 16.2472, "berths": 200, "price_range": "€70-140/night", "rating": 4.6, "facilities": ["fuel", "water", "electricity", "wifi", "restaurant", "pool"], "region": "trogir" },
  { "id": "marina-kastela", "name": "Marina Kaštela", "lat": 43.5511, "lng": 16.3700, "berths": 420, "price_range": "€50-100/night", "rating": 4.1, "facilities": ["fuel", "water", "electricity", "wifi", "repair"], "region": "split" },
  { "id": "aci-dubrovnik", "name": "ACI Marina Dubrovnik", "lat": 42.6600, "lng": 18.0635, "berths": 380, "price_range": "€90-200/night", "rating": 4.3, "facilities": ["fuel", "water", "electricity", "wifi", "restaurant", "showers"], "region": "dubrovnik", "vhf": "channel 17" },
  { "id": "marina-frapa", "name": "Marina Frapa Rogoznica", "lat": 43.4900, "lng": 15.9200, "berths": 462, "price_range": "€80-160/night", "rating": 4.8, "facilities": ["fuel", "water", "electricity", "wifi", "restaurant", "pool", "spa", "repair"], "region": "rogoznica" },
  { "id": "aci-skradin", "name": "ACI Marina Skradin", "lat": 43.8180, "lng": 15.9250, "berths": 180, "price_range": "€50-90/night", "rating": 4.5, "facilities": ["water", "electricity", "restaurant"], "region": "skradin", "vhf": "channel 17" },
  { "id": "aci-trogir", "name": "ACI Marina Trogir", "lat": 43.5150, "lng": 16.2510, "berths": 174, "price_range": "€65-130/night", "rating": 4.4, "facilities": ["fuel", "water", "electricity", "wifi"], "region": "trogir", "vhf": "channel 17" },
  { "id": "marina-kremik", "name": "Marina Kremik", "lat": 43.5440, "lng": 15.9100, "berths": 380, "price_range": "€55-120/night", "rating": 4.3, "facilities": ["fuel", "water", "electricity", "wifi", "restaurant", "repair"], "region": "primosten" },
  { "id": "aci-jezera", "name": "ACI Marina Jezera", "lat": 43.7890, "lng": 15.6580, "berths": 250, "price_range": "€55-100/night", "rating": 4.4, "facilities": ["fuel", "water", "electricity", "restaurant"], "region": "murter", "vhf": "channel 17" },
  { "id": "marina-mandalina", "name": "D-Marin Mandalina", "lat": 43.7320, "lng": 15.8780, "berths": 429, "price_range": "€90-180/night", "rating": 4.7, "facilities": ["fuel", "water", "electricity", "wifi", "restaurant", "pool", "spa", "repair"], "region": "sibenik" },
  { "id": "marina-zadar", "name": "Marina Zadar", "lat": 44.1050, "lng": 15.2170, "berths": 300, "price_range": "€60-130/night", "rating": 4.2, "facilities": ["fuel", "water", "electricity", "wifi", "restaurant"], "region": "zadar" },
  { "id": "aci-pomer", "name": "ACI Marina Pomer", "lat": 44.8170, "lng": 13.8950, "berths": 298, "price_range": "€55-110/night", "rating": 4.3, "facilities": ["fuel", "water", "electricity", "wifi", "restaurant"], "region": "istria", "vhf": "channel 17" },
  { "id": "marina-veruda", "name": "Marina Veruda", "lat": 44.8340, "lng": 13.8530, "berths": 632, "price_range": "€70-150/night", "rating": 4.5, "facilities": ["fuel", "water", "electricity", "wifi", "restaurant", "repair", "crane"], "region": "istria" }
]
