[
  { "id": "villa-kaliopa", "name": "Villa Kaliopa", "location": "Vis Town", "lat": 43.062, "lng": 16.184, "cuisine": "Fine dining Mediterranean", "rating": 4.8, "price": "€€€", "must_try": "Lobster linguine in the sculpture garden", "bookable": true, "notes": "Hidden garden restaurant, one of the best in Croatia. Book 2 days ahead in summer." },
  { "id": "konoba-palma", "name": "Konoba Palma", "location": "Milna, Brač", "lat": 43.324, "lng": 16.452, "cuisine": "Dalmatian seafood", "rating": 4.6, "price": "€€", "must_try": "Grilled octopus with potatoes under peka", "bookable": true, "notes": "Right on the waterfront. Great for a long lunch after morning sail." },
  { "id": "gariful", "name": "Gariful", "location": "Hvar Town", "lat": 43.173, "lng": 16.442, "cuisine": "Seafood", "rating": 4.5, "price": "€€€", "must_try": "Fresh fish platter on the harbour terrace", "bookable": true, "notes": "Celebrity hotspot. Unbeatable harbour views. Expensive but worth it." },
  { "id": "pojoda", "name": "Pojoda", "location": "Vis Town", "lat": 43.062, "lng": 16.183, "cuisine": "Traditional Dalmatian", "rating": 4.7, "price": "€€", "must_try": "Viška pogača (traditional anchovy pie)", "bookable": false, "notes": "Family-run for generations. Authentic island cuisine. Cash only." },
  { "id": "konoba-mate", "name": "Konoba Mate", "location": "Korčula Town", "lat": 42.960, "lng": 17.135, "cuisine": "Local Croatian", "rating": 4.4, "price": "€€", "must_try": "Black risotto with cuttlefish ink", "bookable": true, "notes": "In the old town walls. Traditional stone interior." },
  { "id": "stori-komin", "name": "Konoba Stori Komin", "location": "Palmižana", "lat": 43.158, "lng": 16.393, "cuisine": "Seafood grill", "rating": 4.6, "price": "€€", "must_try": "Catch of the day over wood fire", "bookable": false, "notes": "Walk from the beach. Relaxed island vibe. Arrive early for best fish selection." },
  { "id": "ld-restaurant", "name": "LD Restaurant", "location": "Korčula Town", "lat": 42.961, "lng": 17.136, "cuisine": "Modern Croatian", "rating": 4.7, "price": "€€€", "must_try": "5-course tasting menu with Korčula wines", "bookable": true, "notes": "Michelin-quality without the price. Stunning old town terrace." },
  { "id": "hvaranin", "name": "Konoba Hvaranin", "location": "Stari Grad, Hvar", "lat": 43.184, "lng": 16.595, "cuisine": "Traditional", "rating": 4.5, "price": "€", "must_try": "Gregada (traditional Hvar fish stew)", "bookable": false, "notes": "Off the tourist trail. What locals actually eat. Incredible value." },
  { "id": "bako-vis", "name": "Konoba Bako", "location": "Komiža, Vis", "lat": 43.044, "lng": 16.091, "cuisine": "Seafood", "rating": 4.6, "price": "€€", "must_try": "Lobster brudet (fisherman's stew)", "bookable": true, "notes": "Right on the Komiža harbour. Run by a local fisherman family." },
  { "id": "bugenvila", "name": "Bugenvila", "location": "Cavtat (Dubrovnik)", "lat": 42.582, "lng": 18.218, "cuisine": "Mediterranean fusion", "rating": 4.6, "price": "€€€", "must_try": "Tuna tataki with Adriatic herbs", "bookable": true, "notes": "Better than most Dubrovnik restaurants at half the price. Worth the 30min sail south." },
  { "id": "restaurant-dvor", "name": "Restaurant Dvor", "location": "Split", "lat": 43.503, "lng": 16.455, "cuisine": "Mediterranean seafood", "rating": 4.5, "price": "€€€", "must_try": "Grilled scampi with truffle", "bookable": true, "notes": "Beachfront dining with Split skyline views. Perfect last-night dinner." },
  { "id": "konoba-lukin", "name": "Konoba Lukin", "location": "Trogir", "lat": 43.517, "lng": 16.251, "cuisine": "Traditional Dalmatian", "rating": 4.4, "price": "€€", "must_try": "Lamb under peka (iron bell)", "bookable": true, "notes": "Order peka 2 hours ahead. Hidden in the old town alleyways." }
]
