[
  { "id": "lucice-milna", "name": "Uvala Lučice", "location": "Milna, Brač", "lat": 43.326, "lng": 16.448, "depth": "4-8m", "seabed": "Sand", "protection": "All except S", "rating": 4.5, "notes": "Well protected bay, short walk to Milna village. Popular in summer — arrive before 2pm." },
  { "id": "palmizana-bay", "name": "Palmižana Bay", "location": "Pakleni Islands", "lat": 43.157, "lng": 16.392, "depth": "3-8m", "seabed": "Sand", "protection": "N-NE winds", "rating": 4.8, "notes": "Best beach bar scene on the coast. Crystal clear water. Restaurant Toto's on shore." },
  { "id": "stiniva-cove", "name": "Stiniva Cove", "location": "Vis Island", "lat": 43.020, "lng": 16.165, "depth": "4-6m", "seabed": "Sand/rock", "protection": "N-NW winds", "rating": 4.9, "notes": "Voted best European beach. Anchor outside the cove entrance and swim in." },
  { "id": "vinogradisce", "name": "Vinogradišće Bay", "location": "Palmižana", "lat": 43.160, "lng": 16.388, "depth": "3-6m", "seabed": "Sand", "protection": "All except S", "rating": 4.7, "notes": "Turquoise water, Laganini beach bar. More peaceful alternative to Palmižana main bay." },
  { "id": "lovisce-scedro", "name": "Uvala Lovišće", "location": "Šćedro Island", "lat": 43.100, "lng": 16.694, "depth": "5-12m", "seabed": "Sand/weed", "protection": "All winds", "rating": 4.6, "notes": "Completely sheltered bay on uninhabited island. Perfect storm refuge. No facilities." },
  { "id": "polace-mljet", "name": "Polače Bay", "location": "Mljet Island", "lat": 42.793, "lng": 17.229, "depth": "4-10m", "seabed": "Sand/mud", "protection": "All except NW", "rating": 4.7, "notes": "Roman ruins on shore, Mljet National Park 2km. Restaurant on the quay." },
  { "id": "zukova-korcula", "name": "Uvala Žukova", "location": "Korčula", "lat": 42.965, "lng": 17.140, "depth": "5-12m", "seabed": "Sand", "protection": "N-NW winds", "rating": 4.2, "notes": "Quiet bay, 15min walk to Korčula old town. Good holding." },
  { "id": "komiza-bay", "name": "Komiža Bay", "location": "Vis Island", "lat": 43.044, "lng": 16.090, "depth": "5-10m", "seabed": "Sand", "protection": "E-SE winds", "rating": 4.4, "notes": "Charming fishing village. Book Blue Cave trip from here. Open to west — watch forecast." },
  { "id": "stoncica-vis", "name": "Stončica Bay", "location": "East Vis", "lat": 43.050, "lng": 16.222, "depth": "5-10m", "seabed": "Sand/weed", "protection": "NW-N winds", "rating": 4.3, "notes": "Sandy beach, shallow entry. Good for families. Small beach bar in season." },
  { "id": "lucica-lastovo", "name": "Uvala Lučica", "location": "Lastovo Island", "lat": 42.745, "lng": 16.850, "depth": "4-8m", "seabed": "Sand", "protection": "N-NE winds", "rating": 4.6, "notes": "Remote paradise on Lastovo nature park. Almost no tourists. Bring supplies." },
  { "id": "telascica", "name": "Telašćica Bay", "location": "Dugi Otok", "lat": 43.890, "lng": 15.165, "depth": "5-15m", "seabed": "Mud/sand", "protection": "All winds", "rating": 4.8, "notes": "Massive natural harbour inside nature park. Salt lake hike. Restaurant at head of bay." },
  { "id": "soline-mljet", "name": "Soline Bay", "location": "Mljet Island", "lat": 42.780, "lng": 17.370, "depth": "3-8m", "seabed": "Sand/mud", "protection": "All except E", "rating": 4.5, "notes": "Near Mljet salt lakes. Buoys available in season. Very peaceful overnight." },
  { "id": "srebrna-korcula", "name": "Srebrna Bay", "location": "Korčula South", "lat": 42.925, "lng": 16.890, "depth": "3-6m", "seabed": "Sand", "protection": "N winds", "rating": 4.4, "notes": "Silver sand beach, pine trees to shore. One of the best swimming spots on Korčula." },
  { "id": "paklina-hvar", "name": "Paklina Bay", "location": "Hvar South", "lat": 43.148, "lng": 16.430, "depth": "4-8m", "seabed": "Sand/rock", "protection": "N-NE winds", "rating": 4.3, "notes": "Close to Hvar town but quieter. Dinghy ride to the nightlife." }
]
